"Product Name"	"Category String"	Description	"Product URL"	"Product Images"
"Loose Hooded Coat"	Women;Women/Coats	"Handmade sewed coat from 100% organic wool. Natural colours of the wool. Hand and cold machine wash OK. Do not tumble dry. Do you have some special preferences like a hoodie, or maybe a thicker collar, fringes or extra pockets? Just name it and we will do it! All sizes and preferences! Just get in touch and we will do our best to make your dream cloth."	/loose-hooded-coat/	"Product Image File: P05A7017__56688.JPG|Product Image File: P05A7016__89587.JPG"
"Classic Coat - Brown Karena"	Women;Women/Coats	"Handmade sewed coat with lining from 100% organic wool. Natural colours of the wool available. Hand and cold machine wash OK. Do not tumble dry. Do you have some special preferences like a hoodie, maybe a thicker collar, fringes or extra pockets? Just name it and we will do it! All sizes and preferences! Just get in touch and we will do our best to make your dream cloth."	/classic-coat-brown-karena/	"Product Image File: IMG_7682__92101.JPG|Product Image File: IMG_7685__34388.JPG|Product Image File: IMG_7687__58963.JPG|Product Image File: IMG_7689__27978.JPG"
"Classic Coat - White Rhombus"	Women;Women/Coats	"Handmade coat from 100% organic wool. Natural colours of the wool available. Hand and cold machine wash OK. Do not tumble dry. Do you have some special preferences like a hoodie, or maybe a thicker collar, fringes or extra pockets? Just name it and we will do it! All sizes and preferences! Just get in touch and we will do our best to make your dream cloth."	/classic-coat-white-rhombus/	"Product Image File: IMG_7691__66523.JPG|Product Image File: IMG_7693__24172.JPG|Product Image File: IMG_7695__22327.JPG"
"Classic Soft Coat"	Women;Women/Coats	"Handmade sewed coat from 100% organic wool. Different colours available upon request. Hand and cold machine wash OK. Do not tumble dry. Do you have some special preferences like a hoodie, or maybe a thicker collar, fringes or extra pockets? Just name it and we will do it!  All sizes and preferences! Just get in touch and we will do our best to make your dream cloth."	/classic-soft-coat/	"Product Image File: P05A7039__78385.JPG|Product Image File: P05A7040__12091.JPG"
"Loose Hooded Coat 2"	Women;Women/Coats	"Handmade sewed coat from 100% organic wool. Hand and cold machine wash OK. Do not tumble dry. Do you have some special preferences like a hoodie, or maybe a thicker collar, fringes or extra pockets? Just name it and we will do it! All sizes and preferences! Just get in touch and we will do our best to make your dream cloth."	/loose-hooded-coat-2/	"Product Image File: P05A7018__24483.JPG|Product Image File: P05A7019__06795.JPG"
"Oversized Collar Coat - Dark Rhombus"	Women;Women/Coats	"Handmade sewed coat from 100% organic wool. Natural colours of the wool. Hand and cold machine wash OK. Do not tumble dry. Do you have some special preferences like a hoodie, or maybe a thicker collar, fringes or extra pockets? Just name it and we will do it! All sizes and preferences! Just get in touch and we will do our best to make your dream cloth."	/oversized-collar-coat-dark-rhombus/	"Product Image File: P05A7027__35076.JPG|Product Image File: P05A7028__80522.JPG"
"Oversized Collar Coat"	Women;Women/Coats	"Handmade knitted coat from 100% organic wool. The color from the photo is B192. Hand and cold machine wash OK. Do not tumble dry. Do you have some special preferences like a hoodie, or maybe a thicker collar, fringes or extra pockets? Just name it and we will do it! All sizes and preferences! Just get in touch and we will do our best to make your dream cloth."	/oversized-collar-coat/	"Product Image File: P05A7023__81234.JPG|Product Image File: P05A7024__40703.JPG"
"Oversized Collar Coat 2"	Women;Women/Coats	"Handmade knitted coat from 85% eco wool, 15% acrylic. The color from the photo is B144. Hand and cold machine wash OK. Do not tumble dry. Do you have some special preferences like a hoodie, or maybe a thicker collar, fringes or extra pockets? Just name it and we will do it! All sizes and preferences! Just get in touch and we will do our best to make your dream cloth."	/oversized-collar-coat-2-1/	"Product Image File: P05A7022__98478.JPG|Product Image File: P05A7021__28952.JPG"
"Oversized Collar Coat - 2"	Women;Women/Coats	"Handmade sewed coat from 100% eco wool. Hand and cold machine wash OK. Do not tumble dry. Do you have some special preferences like a hoodie, or maybe a thicker collar, fringes or extra pockets? Just name it and we will do it! All sizes and preferences! Just get in touch and we will do our best to make your dream cloth."	/oversized-collar-coat-2/	"Product Image File: P05A7025__03516.JPG|Product Image File: P05A7026__16605.JPG"
"Short Coat "	Women;Women/Coats	"Handmade coat from 100% eco wool. Hand and cold machine wash OK. Do not tumble dry. Do you have some special preferences like a hoodie, or maybe a thicker collar, fringes or extra pockets? Just name it and we will do it! All sizes and preferences! Just get in touch and we will do our best to make your dream cloth."	/short-coat/	"Product Image File: P05A7045__04232.JPG|Product Image File: P05A7046__92425.JPG"
"Short Coat 2"	Women;Women/Coats	"Handmade coat from 100% eco wool. Hand and cold machine wash OK. Do not tumble dry. Do you have some special preferences like a hoodie, or maybe a thicker collar, fringes or extra pockets? Just name it and we will do it! All sizes and preferences! Just get in touch and we will do our best to make your dream cloth."	/short-coat-2/	"Product Image File: P05A7044__79969.JPG|Product Image File: P05A7043__59919.JPG"
"Short Coat 3"	Women;Women/Coats	"Handmade coat from 100% eco wool. Hand and cold machine wash OK. Do not tumble dry. Do you have some special preferences like a hoodie, or maybe a thicker collar, fringes or extra pockets? Just name it and we will do it! All sizes and preferences! Just get in touch and we will do our best to make your dream cloth."	/short-coat-3/	"Product Image File: P05A7054__37620.JPG|Product Image File: P05A7055__99546.JPG"
"Long Cardigan 2"	Women;Women/Cardigans	"Handmade cardigan from 85% eco wool, 15% acrylic. The color from the photo is B206. Hand and cold machine wash OK. Do not tumble dry. Do you have some special preferences like a hoodie, or maybe a thicker collar, fringes or extra pockets? Just name it and we will do it! All sizes and preferences! Just get in touch and we will do our best to make your dream cloth."	/long-cardigan-2/	"Product Image File: P05A7029__98943.JPG|Product Image File: P05A7031__02843.JPG"
"Long Collar Cardigan"	Women;Women/Cardigans	"Handmade cardigan from 85% eco wool, 15% acrylic. The color from the photo is B129. Hand and cold machine wash OK. Do not tumble dry. Do you have some special preferences like a hoodie, or maybe a thicker collar, fringes or extra pockets? Just name it and we will do it! We also accept individual orders on models that you have seen on a photo! All sizes and preferences! Just get in touch and we will do our best to make your dream cloth."	/long-collar-cardigan/	"Product Image File: P05A7032__59123.JPG|Product Image File: P05A7033__36953.JPG"
"Long Mohair Wool Hooded Cardigan "	Women;Women/Cardigans	"Handmade cardigan from 100% eco mohair wool. Hand and cold machine wash OK. Do not tumble dry. Do you have some special preferences like a hoodie, or maybe a thicker collar, fringes or extra pockets? Just name it and we will do it! All sizes and preferences! Just get in touch and we will do our best to make your dream cloth."	/long-mohair-wool-hooded-cardigan/	"Product Image File: IMG_7573__73218.JPG|Product Image File: IMG_7576__62129.JPG|Product Image File: IMG_7582__08257.JPG"
Cardigan	Women;Women/Cardigans	"Handmade cardigan from 85% eco wool, 15% acrylic. The color from the photo is B166. Hand and cold machine wash OK. Do not tumble dry. Do you have some special preferences like a hoodie, or maybe a thicker collar, fringes or extra pockets? Just name it and we will do it! We also accept individual orders on models that you have seen on a photo! All sizes and preferences! Just get in touch and we will do our best to make your dream cloth."	/cardigan/	"Product Image File: P05A7034__44375.JPG|Product Image File: P05A7035__74335.JPG"
"Long Cardigan 3"	Women;Women/Cardigans	"Handmade cardigan from 85% eco wool, 15% acrylic. The color from the photo is mixed. Hand and cold machine wash OK. Do not tumble dry. Do you have some special preferences like a hoodie, or maybe a thicker collar, fringes or extra pockets? Just name it and we will do it! We also accept individual orders on models that you have seen on a photo! All sizes and preferences! Just get in touch and we will do our best to make your dream cloth."	/long-cardigan-3/	"Product Image File: P05A7037__66663.JPG|Product Image File: P05A7038__17605.JPG"
"Collar Cardigan"	Women;Women/Cardigans	"Handmade cardigan from 85% eco wool, 15% acrylic. The color from the photo is B110. Hand and cold machine wash OK. Do not tumble dry. Do you have some special preferences like a hoodie, or maybe a thicker collar, fringes or extra pockets? Just name it and we will do it! We also accept individual orders on models that you have seen on a photo! All sizes and preferences! Just get in touch and we will do our best to make your dream cloth."	/collar-cardigan/	"Product Image File: IMG_7611__53724.JPG|Product Image File: IMG_7613__01069.JPG|Product Image File: IMG_7615__84206.JPG"
"Cardigan CC"	Women;Women/Cardigans	"Handmade cardigan from 85% eco wool, 15% acrylic. The color from the photo is B162. Hand and cold machine wash OK. Do not tumble dry. Do you have some special preferences like a hoodie, or maybe a thicker collar, fringes or extra pockets? Just name it and we will do it! All sizes and preferences! Just get in touch and we will do our best to make your dream cloth."	/cardigan-cc/	"Product Image File: IMG_7602__22794.JPG|Product Image File: IMG_7606__16830.JPG|Product Image File: IMG_7609__85961.JPG"
"Cardigan CC 2"	Women;Women/Cardigans	"Handmade cardigan from 85% eco wool, 15% acrylic. The color from the photo is B206. Hand and cold machine wash OK. Do not tumble dry. Do you have some special preferences like a hoodie, or maybe a thicker collar, fringes or extra pockets? Just name it and we will do it! All sizes and preferences! Just get in touch and we will do our best to make your dream cloth."	/cardigan-cc-2/	"Product Image File: P05A7058__59092.JPG|Product Image File: P05A7060__54607.JPG"
"Linen Cardigan"	Women;Women/Cardigans	"Handmade cardigan from 50% cotton, 50% linen. Hand and cold machine wash OK. Do not tumble dry. Do you have some special preferences like a hoodie, or maybe a thicker collar, fringes or extra pockets? Just name it and we will do it!  All sizes and preferences! Just get in touch and we will do our best to make your dream cloth."	/linen-cardigan/	"Product Image File: P05A7071__89891.JPG|Product Image File: P05A7072__40013.JPG"
"Cardigan 4"	Women;Women/Cardigans	"Handmade cardigan from 85% eco wool, 15% acrylic. The color from the photo is B180. Hand and cold machine wash OK. Do not tumble dry. Do you have some special preferences like a hoodie, or maybe a thicker collar, fringes or extra pockets? Just name it and we will do it! We also accept individual orders on models that you have seen on a photo! All sizes and preferences! Just get in touch and we will do our best to make your dream cloth."	/cardigan-4/	"Product Image File: IMG_7619__04642.JPG|Product Image File: IMG_7621__09167.JPG|Product Image File: IMG_7623__61968.JPG"
"Long Cardigan"	Women;Women/Cardigans	"Handmade cardigan from 85% eco wool, 15% acrylic. The color from the photo is B215. Hand and cold machine wash OK. Do not tumble dry. Do you have some special preferences like a hoodie, or maybe a thicker collar, fringes or extra pockets? Just name it and we will do it! All sizes and preferences! Just get in touch and we will do our best to make your dream cloth."	/long-cardigan-1/	"Product Image File: P05A7056__12032.JPG|Product Image File: P05A7057__83074.JPG"
"Hooded Cardigan"	Women;Women/Cardigans	"Handmade cardigan from 100% eco wool. The color from the photo is B191. Hand and cold machine wash OK. Do not tumble dry. Do you have some special preferences like a hoodie, or maybe a thicker collar, fringes or extra pockets? Just name it and we will do it! All sizes and preferences! Just get in touch and we will do our best to make your dream cloth."	/hooded-cardigan/	"Product Image File: IMG_7567__70187.JPG|Product Image File: IMG_7569__25528.JPG|Product Image File: IMG_7571__08444.JPG|Product Image File: IMG_7570__45079.JPG"
"Collared Mohair Pullover"	Women;Women/Pullovers	"Handmade pullover from 70% eco mohair wool, 30% acrylic. Hand and cold machine wash OK. Do not tumble dry. Do you have some special preferences like a hoodie, or maybe a thicker collar, fringes or extra pockets? Just name it and we will do it! All sizes and preferences! Just get in touch and we will do our best to make your dream cloth."	/collared-mohair-pullover/	"Product Image File: P05A7090__13698.JPG|Product Image File: P05A7091__45759.JPG"
"Cotton Pullover"	Women;Women/Pullovers	"Handmade pullover from 100% cotton. Different colours available upon request. Hand and cold machine wash OK. Do not tumble dry. Do you have some special preferences like a hoodie, or maybe a thicker collar, fringes or extra pockets? Just name it and we will do it! All sizes and preferences! Just get in touch and we will do our best to make your dream cloth."	/cotton-pullover/	"Product Image File: P05A7062__40502.JPG|Product Image File: P05A7063__81320.JPG"
"3/4-Sleeve Blouse"	Women;Women/Blouses	"Handmade blouse from 100% cotton Hand and cold machine wash OK. Do not tumble dry. Do you have some special preferences like a hoodie, or maybe a thicker collar, fringes or extra pockets? Just name it and we will do it! All sizes and preferences! Just get in touch and we will do our best to make your dream cloth."	/3-4-sleeve-blouse/	"Product Image File: P05A7066__56130.JPG|Product Image File: P05A7067__35563.JPG"
"3/4 Sleeve Blouse"	Women;Women/Blouses	"Handmade blouse from 50% linen, 50% cotton. The color from the photo is a mix of B134 / B191. Hand and cold machine wash OK. Do not tumble dry. Do you have some special preferences like a hoodie, or maybe a thicker collar, fringes or extra pockets? Just name it and we will do it! All sizes and preferences! Just get in touch and we will do our best to make your dream cloth."	/3-4-sleeve-blouse-1/	"Product Image File: P05A7064__69233.JPG|Product Image File: P05A7065__28355.JPG"
"Round Neck Woolen Pullover"	Women;Women/Pullovers	"Handmade pullover from 85% eco wool, 15% acrylic. The color from the photo is B118. Hand and cold machine wash OK. Do not tumble dry. Do you have some special preferences like a hoodie, or maybe a thicker collar, fringes or extra pockets? Just name it and we will do it! All sizes and preferences! Just get in touch and we will do our best to make your dream cloth."	/round-neck-woolen-pullover/	"Product Image File: IMG_7627__48997.JPG|Product Image File: IMG_7628__66177.JPG|Product Image File: IMG_7631__13859.JPG"
"Loose Woolen Blouse"	Women;Women/Blouses	"Handmade blouse from 85% eco wool, 15% acrylic. The color from the photo is B209. Hand and cold machine wash OK. Do not tumble dry. Do you have some special preferences like a hoodie, or maybe a thicker collar, fringes or extra pockets? Just name it and we will do it! All sizes and preferences! Just get in touch and we will do our best to make your dream cloth."	/loose-woolen-blouse/	"Product Image File: P05A7047__28458.JPG|Product Image File: P05A7048__37077.JPG"
"Long Sided Woolen Pullover"	Women;Women/Pullovers	"Handmade pullover from 85% eco wool, 15% acrylic. The color from the photo is a mix of B103 and B144. Hand and cold machine wash OK. Do not tumble dry. Do you have some special preferences like a hoodie, or maybe a thicker collar, fringes or extra pockets? Just name it and we will do it! All sizes and preferences! Just get in touch and we will do our best to make your dream cloth."	/long-sided-woolen-pullover/	"Product Image File: P05A7050__43304.JPG|Product Image File: P05A7051__08993.JPG"
"Hooded Woolen Pullover"	Women;Women/Pullovers	"Handmade pullover from 85% eco wool, 15% acrylic. The color from the photo is a mix of B116 and B201. Hand and cold machine wash OK. Do not tumble dry. Do you have some special preferences like a hoodie, or maybe a thicker collar, fringes or extra pockets? Just name it and we will do it! All sizes and preferences! Just get in touch and we will do our best to make your dream cloth."	/hooded-woolen-pullover/	"Product Image File: P05A7052__71429.JPG|Product Image File: P05A7053__80307.JPG"
"Mohair Woolen Collared Dress"	Women;Women/Dresses	"Handmade dress from 70% eco mohair wool, 30% acrylic. Hand and cold machine wash OK. Do not tumble dry. Do you have some special preferences like a hoodie, or maybe a thicker collar, fringes or extra pockets? Just name it and we will do it! All sizes and preferences! Just get in touch and we will do our best to make your dream cloth."	/mohair-woolen-collared-dress/	"Product Image File: P05A7092__48118.JPG|Product Image File: P05A7093__83345.JPG"
"Woolen Collared Dress"	Women;Women/Dresses	"Handmade dress from 85% eco wool, 15% acrylic. The color from the photo is B144. Hand and cold machine wash OK. Do not tumble dry. Do you have some special preferences like a hoodie, or maybe a thicker collar, fringes or extra pockets? Just name it and we will do it! We also accept individual orders on models that you have seen on a photo! All sizes and preferences! Just get in touch and we will do our best to make your dream cloth."	/woolen-collared-dress/	"Product Image File: P05A7094__50835.JPG|Product Image File: P05A7095__89545.JPG"
"Woolen Dress"	Women;Women/Dresses	"Handmade dress from 85% eco wool, 15% acrylic. The color from the photo is B103. Hand and cold machine wash OK. Do not tumble dry. Do you have some special preferences like a hoodie, or maybe a thicker collar, fringes or extra pockets? Just name it and we will do it! We also accept individual orders on models that you have seen on a photo! All sizes and preferences! Just get in touch and we will do our best to make your dream cloth."	/woolen-dress/	"Product Image File: P05A7096__42554.JPG|Product Image File: P05A7097__50658.JPG"
"Floral Woolen Dress"	Women;Women/Dresses	"Handmade dress from 85% eco wool, 15% acrylic. The color from the photo is B134. Hand and cold machine wash OK. Do not tumble dry. Do you have some special preferences like a hoodie, or maybe a thicker collar, fringes or extra pockets? Just name it and we will do it! We also accept individual orders on models that you have seen on a photo! All sizes and preferences! Just get in touch and we will do our best to make your dream cloth."	/floral-woolen-dress/	"Product Image File: P05A7098__30828.JPG|Product Image File: P05A7099__58427.JPG"
"Ajour Wool Vest"	Women;Women/Vests		/ajour-wool-vest/	"Product Image File: IMG_7641__63991.JPG|Product Image File: IMG_7647__09703.JPG|Product Image File: IMG_7652__08488.JPG"
"Ajour Woolen Vest"	Women;Women/Vests		/ajour-woolen-vest/	"Product Image File: IMG_7654__23237.JPG|Product Image File: IMG_7656__48832.JPG|Product Image File: IMG_7658__61306.JPG"
"Woolen Floral Vest"	Women;Women/Vests		/woolen-floral-vest/	"Product Image File: P05A7068__98790.JPG|Product Image File: P05A7070__77184.JPG"
"Woolen Edelweiss Vest"	Women;Women/Vests	"Woolen sewed, Edelweiss Vest Natural colours of the wool. Hand and cold machine wash OK. Do not tumble dry. Do you have some special preferences like a hoodie, or maybe a thicker collar, fringes or extra pockets? Just name it and we will do it! All sizes and preferences! Just get in touch and we will do our best to make your dream cloth"	/woolen-edelweiss-vest/	"Product Image File: IMG_7674__80108.JPG|Product Image File: IMG_7676__40295.JPG|Product Image File: IMG_7680__34674.JPG"
"Woolen Grey Edelweiss Vest"	Women;Women/Vests		/woolen-grey-edelweiss-vest/	"Product Image File: P05A7078__36572.JPG|Product Image File: P05A7079__70479.JPG"
"Woolen hand made, knitted vest"	Women;Women/Vests	"Woolen hand made, knitted vest. Hand and cold machine wash OK. Do not tumble dry. Do you have some special preferences like a hoodie, or maybe a thicker collar, fringes or extra pockets? Just name it and we will do it! All sizes and preferences! Just get in touch and we will do our best to make your dream cloth  "	/woolen-hand-made-knitted-vest/	"Product Image File: P05A7080__30381.JPG|Product Image File: P05A7081__24764.JPG"
"Woolen Vest with Pocket"	Women;Women/Vests		/woolen-vest-with-pocket/	"Product Image File: IMG_7669__41143.JPG|Product Image File: IMG_7670__54987.JPG|Product Image File: IMG_7673__10551.JPG"
"Fringed Collared Poncho"	Women;Women/Ponchos	"Fringed sewed Collared Poncho Natural colours of the wool. Hand and cold machine wash OK. Do not tumble dry. Do you have some special preferences like a hoodie, or maybe a thicker collar, fringes or extra pockets? Just name it and we will do it! All sizes and preferences! Just get in touch and we will do our best to make your dream cloth  "	/fringed-collared-poncho/	"Product Image File: P05A7084__33767.JPG|Product Image File: P05A7085__59018.JPG"
"Floral Poncho with Pockets"	Women;Women/Ponchos	"Floral sewed Poncho with Pockets. Natural colours of the wool. Hand and cold machine wash OK. Do not tumble dry. Do you have some special preferences like a hoodie, or maybe a thicker collar, fringes or extra pockets? Just name it and we will do it! All sizes and preferences! Just get in touch and we will do our best to make your dream cloth!"	/floral-poncho-with-pockets/	"Product Image File: P05A7086__01952.JPG|Product Image File: P05A7087__87696.JPG"
"Woolen Hooded Cape - Rhombus"	Women;Women/Ponchos	"Woolen Hooded Cape - Rhombus, sewed. Natural colours of the wool. Hand and cold machine wash OK. Do not tumble dry. Do you have some special preferences like a hoodie, or maybe a thicker collar, fringes or extra pockets? Just name it and we will do it! All sizes and preferences! Just get in touch and we will do our best to make your dream cloth"	/woolen-hooded-cape-rhombus/	"Product Image File: IMG_7763__17225.JPG|Product Image File: IMG_7764__48083.JPG|Product Image File: IMG_7767__83953.JPG"
"Woolen Hooded Poncho"	Women;Women/Ponchos		/woolen-hooded-poncho/	"Product Image File: IMG_7730__01545.JPG|Product Image File: IMG_7732__41503.JPG|Product Image File: IMG_7734__76258.JPG"
"Woolen Poncho-Cardigan"	Women;Women/Cardigans;Women/Ponchos		/woolen-poncho-cardigan/	"Product Image File: IMG_7713__85129.JPG|Product Image File: IMG_7715__46379.JPG|Product Image File: IMG_7718__97340.JPG|Product Image File: IMG_7717__00419.JPG"
"Woolen Poncho-Cardigan 2"	Women;Women/Cardigans;Women/Ponchos		/woolen-poncho-cardigan-2/	"Product Image File: IMG_7756__85311.JPG|Product Image File: IMG_7758__41152.JPG|Product Image File: IMG_7759__80557.JPG|Product Image File: IMG_7760__98108.JPG"
"Belted Poncho"	Women;Women/Ponchos		/belted-poncho/	"Product Image File: P05A7088__08508.JPG|Product Image File: P05A7089__34219.JPG"
"Triangular Woolen Poncho"	Women;Women/Ponchos		/triangular-woolen-poncho/	"Product Image File: IMG_7819__87773.JPG|Product Image File: IMG_7823__55575.JPG|Product Image File: IMG_7825__11979.JPG"
"Short Cotton Poncho"	Women;Women/Ponchos	"Short Cotton knitted Poncho Hand and cold machine wash OK. Do not tumble dry. Do you have some special preferences like a hoodie, or maybe a thicker collar, fringes or extra pockets? Just name it and we will do it! All sizes and preferences! Just get in touch and we will do our best to make your dream cloth  "	/short-cotton-poncho/	"Product Image File: P05A7073__86605.JPG|Product Image File: P05A7074__80509.JPG"
"Short Woolen Poncho"	Women;Women/Ponchos		/short-woolen-bordeaux-poncho/	"Product Image File: P05A7076__66543.JPG|Product Image File: P05A7077__26392.JPG"
"Woolen Butterfly Poncho"	Women;Women/Ponchos	"Woolen Butterfly Poncho for kids and women. All sizes and colours available upon request and pre- order.  "	/woolen-butterfly-poncho/	"Product Image File: IMG_7722__86706.JPG|Product Image File: IMG_7726__87914.JPG|Product Image File: IMG_7727__54270.JPG|Product Image File: IMG_7728__86492.JPG"
"Woolen Edelweiss Coat"	Men;Men/Coats		/woolen-edelweiss-coat/	"Product Image File: P05A7101__48050.JPG|Product Image File: P05A7103__64430.JPG"
"Woolen Men Hooded Coat"	Men;Men/Coats	"Woolen Men Hooded Coat with lining. 100% wool, natural colours of the wool. Hand and cold machine wash OK. Do not tumble dry. Do you have some special preferences like a hoodie, or maybe a thicker collar, fringes or extra pockets? Just name it and we will do it! All sizes and preferences! Just get in touch and we will do our best to make your dream cloth"	/woolen-men-hooded-coat/	"Product Image File: IMG_7510__09856.JPG|Product Image File: IMG_7512__70008.JPG|Product Image File: IMG_7514__22001.JPG"
"Woolen Men Pullover"	Men;Men/Pullovers	"Woolen Men Pullover, hand made, knitted. Hand and cold machine wash OK. Do not tumble dry. Do you have some special preferences like a hoodie, or maybe a thicker collar, fringes or extra pockets? Just name it and we will do it! All sizes and preferences! Just get in touch and we will do our best to make your dream cloth  "	/woolen-men-pullover/	"Product Image File: IMG_7490__05865.JPG|Product Image File: IMG_7492__46683.JPG|Product Image File: IMG_7493__59953.JPG"
"Woolen Turtleneck Men Pullover"	Men;Men/Pullovers	"Woolen Turtleneck Men Pullover, hand- knitted. Hand and cold machine wash OK. Do not tumble dry. Do you have some special preferences like a hoodie, or maybe a thicker collar, fringes or extra pockets? Just name it and we will do it! All sizes and preferences! Just get in touch and we will do our best to make your dream cloth"	/woolen-turtleneck-men-pullover/	"Product Image File: IMG_7478__98127.JPG|Product Image File: IMG_7480__15531.JPG|Product Image File: IMG_7481__34414.JPG"
"American Eagle Pullover"	Men;Men/Pullovers		/american-eagle-pullover/	"Product Image File: P05A7105__86575.JPG|Product Image File: P05A7104__56296.JPG"
"Classic Men Zipped Woolen Pullover"	Men;Men/Pullovers	"Classic Zipped knitted Woolen Pullover for men, hand made   Hand and cold machine wash OK. Do not tumble dry.   Do you have some special preferences like a hoodie, or maybe a thicker collar, fringes or extra pockets? Just name it and we will do it! All sizes and preferences! Just get in touch and we will do our best to make your dream cloth"	/classic-men-zipped-woolen-pullover/	"Product Image File: IMG_7483__91621.JPG|Product Image File: IMG_7485__82855.JPG|Product Image File: IMG_7486__18724.JPG|Product Image File: IMG_7487__74392.JPG"
"Woolen Edelweiss Man Vest"	Men;Men/Vests	"Woolen Edelweiss sewed Man Vest Natural colours of the wool. Hand and cold machine wash OK. Do not tumble dry. Do you have some special preferences like a hoodie, or maybe a thicker collar, fringes or extra pockets? Just name it and we will do it! All sizes and preferences! Just get in touch and we will do our best to make your dream cloth"	/woolen-edelweiss-man-vest/	"Product Image File: IMG_7497__70167.JPG|Product Image File: IMG_7498__78851.JPG|Product Image File: IMG_7501__83935.JPG|Product Image File: IMG_7500__94352.JPG"
"Woolen Carré Vest"	Men;Men/Vests		/woolen-carre-vest/	"Product Image File: P05A7106__49530.JPG|Product Image File: P05A7107__73652.JPG"
"Woolen Coat with Bears"	Kids;Kids/Coats		/woolen-coat-with-bears/	"Product Image File: IMG_7862__68705.JPG|Product Image File: IMG_7863__65114.JPG|Product Image File: IMG_7865__31809.JPG"
"Woolen Edelweiss Coat with Bears"	Kids;Kids/Coats	"Woolen sewed Edelweiss Coat with Bears for kids. Hand and cold machine wash OK. Do not tumble dry. Do you have some special preferences like a hoodie, or maybe a thicker collar, fringes or extra pockets? Just name it and we will do it! All sizes and preferences! Just get in touch and we will do our best to make your dream cloth"	/woolen-edelweiss-coat-with-bears/	"Product Image File: IMG_7855__60935.JPG|Product Image File: IMG_7856__14659.JPG|Product Image File: IMG_7857__01467.JPG"
"Woolen Soft Coat"	Kids;Kids/Coats	"Woolen Soft sewed coat for kids and women. Colour upon availability and by request. Hand and cold machine wash OK. Do not tumble dry. Do you have some special preferences like a hoodie, or maybe a thicker collar, fringes or extra pockets? Just name it and we will do it! All sizes and preferences! Just get in touch and we will do our best to make your dream cloth"	/woolen-soft-coat/	"Product Image File: P05A7117__88822.JPG|Product Image File: P05A7119__20164.JPG"
"Woolen Tratidional Bulgarian Coat, Kids"	Kids;Kids/Coats	"Typical, traditional Bulgarian woolen coat for kids. All sizes available. All natural colours of the wool. Hand and cold machine wash OK. Do not tumble dry. Do you have some special preferences like a hoodie, or maybe a thicker collar, fringes or extra pockets? Just name it and we will do it! All sizes and preferences! Just get in touch and we will do our best to make your dream cloth"	/woolen-tratidional-bulgarian-coat-kids/	"Product Image File: P05A7120__77140.JPG|Product Image File: P05A7121__52364.JPG"
"Woolen Kid Cardigan"	Kids;Kids/Cardigans		/woolen-kid-cardigan/	"Product Image File: P05A7112__02823.JPG|Product Image File: P05A7114__88167.JPG"
"Woolen Kid Floral Vest"	Kids;Kids/Vests	"Woolen floral sewed vest- for kids and women, all sizes. Natural colours of the wool. Hand and cold machine wash OK. Do not tumble dry. Do you have some special preferences like a hoodie, or maybe a thicker collar, fringes or extra pockets? Just name it and we will do it! All sizes and preferences! Just get in touch and we will do our best to make your dream cloth"	/woolen-kid-floral-vest/	"Product Image File: P05A7115__57429.JPG|Product Image File: P05A7116__49602.JPG"
"Bunny Pockets Woolen Kid Vest"	Kids;Kids/Vests	"Bunny Pockets Woolen Kid Vest Sewed with hand made bunnies on the pockets. Natural colours of the wool. Hand and cold machine wash OK. Do not tumble dry. Do you have some special preferences like a hoodie, or maybe a thicker collar, fringes or extra pockets? Just name it and we will do it! All sizes and preferences! Just get in touch and we will do our best to make your dream cloth"	/bunny-pockets-woolen-kid-vest/	"Product Image File: IMG_7850__85903.JPG|Product Image File: IMG_7851__29379.JPG|Product Image File: IMG_7854__48121.JPG"
"Floral Pockets Woolen Kid Vest"	Kids;Kids/Vests		/floral-pockets-woolen-kid-vest/	"Product Image File: IMG_7838__45843.JPG|Product Image File: IMG_7839__10310.JPG|Product Image File: IMG_7842__65412.JPG"
"Baby Bunny Pockets Woolen Kid Vest"	Kids;Kids/Vests		/baby-bunny-pockets-woolen-kid-vest/	"Product Image File: IMG_7831__46497.JPG|Product Image File: IMG_7833__14467.JPG|Product Image File: IMG_7836__48065.JPG"
"Woolen Collared Cardigan"	Kids;Kids/Cardigans		/woolen-collared-cardigan/	"Product Image File: IMG_7869__00025.JPG|Product Image File: IMG_7870__17891.JPG|Product Image File: IMG_7872__19771.JPG"
"Hooded Floral Kid Poncho"	Kids;Kids/Ponchos		/hooded-floral-kid-poncho/	"Product Image File: IMG_7880__33282.JPG|Product Image File: IMG_7883__02657.JPG|Product Image File: IMG_7879__40559.JPG|Product Image File: IMG_7882__58144.JPG"
"Shawl Ajour"	Accessories;Accessories/Shawls	"Knitted shawl ajour available in all colours."	/shawl-ajour/	"Product Image File: IMG_7811__59951.JPG"
"Hooded Shawl Ajour"	Accessories;Accessories/Shawls	"Woolen hooded shawls ajour available in all colours"	/hooded-shawl-ajour/	"Product Image File: P05A7129__21357.JPG"
"Round Shawl"	Accessories;Accessories/Shawls	"Round shawls available in different colours, for kids and adults"	/round-shawl/	"Product Image File: P05A7128__84351.JPG"
"Mohair Wool Shawl"	Accessories;Accessories/Shawls		/mohair-wool-shawl/	"Product Image File: IMG_7803__72048.JPG"
"Classic Man Winter Shawl"	Accessories;Accessories/Shawls		/classic-man-winter-shawl/	"Product Image File: IMG_7531__17919.JPG|Product Image File: IMG_7532__84488.JPG"
"Classic Man Winter Hat"	Accessories;Accessories/Hats		/classic-man-winter-hat/	"Product Image File: IMG_7532__72813.JPG"
"Classic Man Winter Gloves"	Accessories;Accessories/Gloves		/classic-man-winter-gloves/	"Product Image File: IMG_7535__83927.JPG"
"Woolen Socks"	Accessories;Accessories/Socks		/woolen-socks/	"Product Image File: IMG_7817__12053.JPG"
"Floral Woolen Hat"	Accessories;Accessories/Hats		/floral-woolen-hat/	"Product Image File: P05A7122__06525.JPG"
"Floral Woolen Shawl"	Accessories;Accessories/Shawls		/floral-woolen-shawl/	"Product Image File: P05A7122__78164.JPG"
"Triple Floral Woolen Hat"	Accessories;Accessories/Hats		/triple-floral-woolen-hat/	"Product Image File: IMG_7796__79970.JPG|Product Image File: IMG_7914__32484.JPG"
"Classic Black Woolen Shawl"	Accessories;Accessories/Shawls		/classic-black-woolen-shawl/	"Product Image File: IMG_7796__66435.JPG"
"Dark Woolen Socks"	Accessories;Accessories/Socks		/dark-woolen-socks/	"Product Image File: IMG_7542__21978.JPG"
"Bunny Woolen Gloves"	Accessories;Kids;Accessories/Gloves		/bunny-woolen-gloves/	"Product Image File: IMG_7904__89585.JPG|Product Image File: IMG_7892__57147.JPG"
"Woolen Winter Pom-Pom Hat"	Accessories;Accessories/Hats	"Woolen winter pom pom hat, available in all colours from the picture and in all sizes. For kids and adults"	/woolen-winter-pom-pom-hat/	"Product Image File: IMG_7903__89009.JPG|Product Image File: IMG_7892__20638.JPG"
"Woolen Pom-Pom Shawl"	Accessories;Accessories/Shawls	"woolen pom pom shawl available in all colours, for kids and adults"	/woolen-pom-pom-shawl/	"Product Image File: IMG_7892__16520.JPG"
"Woolen Bear Kid Hat"	Accessories;Kids;Accessories/Hats	"woolen bear kid hat all sizes for kids and adults. Available colours from the pictures."	/woolen-bear-kid-hat/	"Product Image File: P05A7124__29362.JPG"
"Woolen Mouse Kid Hat"	Accessories;Kids;Accessories/Hats		/woolen-mouse-kid-hat/	"Product Image File: P05A7125__20816.JPG"
"Vikings Woolen Hat"	Accessories;Accessories/Hats		/vikings-woolen-hat/	"Product Image File: P05A7126__03863.JPG"
"French Beret Soft Wool Hat"	Accessories;Accessories/Hats	"Sewed french beret wool hat, available in different colours, nature colours of the wool- grey, beige, brown and black"	/french-beret-soft-wool-hat/	"Product Image File: P05A7123__04056.JPG"
"Long Woolen Hat"	Accessories;Accessories/Hats	"Long woolen hat, available in all colour from the picture and in all sizes, for kids and adults"	/long-woolen-hat/	"Product Image File: P05A7127__98871.JPG"
"Brown Bourjois Woolen Hat"	Accessories;Accessories/Hats		/brown-bourjois-woolen-hat/	"Product Image File: IMG_7814__76392.JPG"
"Classic Brown Woolen Shawl"	Accessories;Accessories/Shawls		/classic-brown-woolen-shawl/	"Product Image File: IMG_7814__90394.JPG"
"Woolen women cardigan"	Women;Women/Cardigans	"Handmade woolen cardigan from 80% wool/20% acrylic. Hand and cold machine wash OK. Do not tumble dry. Do you have some special preferences like a hoodie, or maybe a thicker collar, fringes or extra pockets? Just name it and we will do it! All sizes and preferences! Just get in touch and we will do our best to make your dream cloth."	/woolen-women-cardigan/	"Product Image File: 7I9A6163__89901.JPG|Product Image File: 7I9A6162__47006.JPG|Product Image File: 7I9A6165__74038.JPG|Product Image File: 7I9A6169__77465.JPG|Product Image File: 7I9A6168__62656.JPG|Product Image File: 7I9A6171__56489.JPG"
"Woolen women pullover"	Women;Women/Pullovers	"Handmade pullover from 80% wool/20% acrylic. Hand and cold machine wash OK. Do not tumble dry. Do you have some special preferences like a hoodie, or maybe a thicker collar, fringes or extra pockets? Just name it and we will do it! All sizes and preferences! Just get in touch and we will do our best to make your dream cloth."	/woolen-women-pullover/	"Product Image File: 7I9A6173__00300.JPG|Product Image File: 7I9A6174__32338.JPG|Product Image File: 7I9A6176__41392.JPG"
"Woolen Poncho- Pullover Women"	Women;Women/Pullovers;Women/Ponchos	"Women poncho- pullover from 70% wool/30% acrylic. Hand and cold machine wash OK. Do not tumble dry. Do you have some special preferences like a hoodie, or maybe a thicker collar, fringes or extra pockets? Just name it and we will do it! All sizes and preferences! Just get in touch and we will do our best to make your dream cloth."	/woolen-poncho-pullover-women/	"Product Image File: 7I9A6177__62604.JPG|Product Image File: 7I9A6180__26194.JPG|Product Image File: 7I9A6181__07887.JPG|Product Image File: 7I9A6179__37147.JPG|Product Image File: 7I9A6182__43220.JPG|Product Image File: 7I9A6178__54145.JPG"
"Women Pullover 100% Linen"	Women;Women/Pullovers	"Handmade pullover from 100% eco linen, natural colour. Hand and cold machine wash OK. Do not tumble dry. Do you have some special preferences like a hoodie, or maybe a thicker collar, fringes or extra pockets? Just name it and we will do it! All sizes and preferences! Just get in touch and we will do our best to make your dream cloth."	/women-pullover-100-linen/	"Product Image File: 7I9A6184__21389.JPG|Product Image File: 7I9A6185__85570.JPG|Product Image File: 7I9A6187__56504.JPG"
"Woolen Pullover Mohair"	Women;Women/Pullovers	"Handmade pullover from 100% eco mohair- available colours from the picture. Hand and cold machine wash OK. Do not tumble dry. Do you have some special preferences like a hoodie, or maybe a thicker collar, fringes or extra pockets? Just name it and we will do it! All sizes and preferences! Just get in touch and we will do our best to make your dream cloth."	/woolen-pullover-mohair/	"Product Image File: 7I9A6188__70688.JPG|Product Image File: 7I9A6190__06544.JPG|Product Image File: 7I9A6189__86237.JPG"
"Mohair Long Hooded Cardigan orange"	Women;Women/Cardigans	"Handmade mohair cardigan. Available colours from the picture. Hand and cold machine wash OK. Do not tumble dry. Do you have some special preferences like a hoodie, or maybe a thicker collar, fringes or extra pockets? Just name it and we will do it! All sizes and preferences! Just get in touch and we will do our best to make your dream cloth."	/mohair-long-hooded-cardigan-orange/	"Product Image File: 7I9A6195__97133.JPG|Product Image File: 7I9A6193__62176.JPG|Product Image File: 7I9A6191__25854.JPG"
"Mohair Long Hooded Cardigan red"	Women;Women/Cardigans	"Handmade mohair cardigant. Available colours from the picture.Hand and cold machine wash OK. Do not tumble dry. Do you have some special preferences like a hoodie, or maybe a thicker collar, fringes or extra pockets? Just name it and we will do it! All sizes and preferences! Just get in touch and we will do our best to make your dream cloth."	/mohair-long-hooded-cardigan-red/	"Product Image File: 7I9A6196__37320.JPG|Product Image File: 7I9A6198__29377.JPG|Product Image File: 7I9A6200__29566.JPG"
"Mohair Long Hooded Cardigan green"	Women;Women/Cardigans	"Handmade mohair cardigan. Available colours from the picture.Hand and cold machine wash OK. Do not tumble dry. Do you have some special preferences like a hoodie, or maybe a thicker collar, fringes or extra pockets? Just name it and we will do it! All sizes and preferences! Just get in touch and we will do our best to make your dream cloth."	/mohair-long-hooded-cardigan-green/	"Product Image File: 7I9A6201__89022.JPG|Product Image File: 7I9A6203__66974.JPG|Product Image File: 7I9A6202__19986.JPG"
"Long Woolen Cardigan"	Women;Women/Cardigans	"Handmade women cardigan. 80% wool/ 20% acrylic.Hand and cold machine wash OK. Do not tumble dry. Do you have some special preferences like a hoodie, or maybe a thicker collar, fringes or extra pockets? Just name it and we will do it! All sizes and preferences! Just get in touch and we will do our best to make your dream cloth."	/long-woolen-cardigan/	"Product Image File: 7I9A6204__30059.JPG|Product Image File: 7I9A6206__53012.JPG|Product Image File: 7I9A6205__79352.JPG"
"Long Linen/Cotton Cardigan"	Women;Women/Cardigans	"Handmade cardigan- 75% linen/ 25% cotton, natural colour.Hand and cold machine wash OK. Do not tumble dry. Do you have some special preferences like a hoodie, or maybe a thicker collar, fringes or extra pockets? Just name it and we will do it! All sizes and preferences! Just get in touch and we will do our best to make your dream cloth."	/long-linen-cotton-cardigan/	"Product Image File: 7I9A6207__83555.JPG|Product Image File: 7I9A6209__74484.JPG|Product Image File: 7I9A6211__34613.JPG"
"Cardigan with Lace, Linen/Cotton"	Women;Women/Cardigans	"Handmade cardigan with lace. 75% linen/ 25% cotton. Hand and cold machine wash OK. Do not tumble dry. Do you have some special preferences like a hoodie, or maybe a thicker collar, fringes or extra pockets? Just name it and we will do it! All sizes and preferences! Just get in touch and we will do our best to make your dream cloth."	/cardigan-with-lace-linen-cotton/	"Product Image File: 7I9A6214__43341.JPG|Product Image File: 7I9A6217__73312.JPG|Product Image File: 7I9A6212__60904.JPG"
"Polo- Neck Woolen Pullover"	Women;Women/Pullovers	"Handmade made polo- neck pullover. 80% wool/ 20% acrylic. Hand and cold machine wash OK. Do not tumble dry. Do you have some special preferences like a hoodie, or maybe a thicker collar, fringes or extra pockets? Just name it and we will do it! All sizes and preferences! Just get in touch and we will do our best to make your dream cloth."	/polo-neck-woolen-pullover/	"Product Image File: 7I9A6226__73724.JPG|Product Image File: 7I9A6223__19995.JPG|Product Image File: 7I9A6222__49814.JPG"
"Polo- Neck Woolen Pullover red"	Women;Women/Pullovers	"Handmade polo-neck pullover. 80% wool, 20% acrylic. Hand and cold machine wash OK. Do not tumble dry. Do you have some special preferences like a hoodie, or maybe a thicker collar, fringes or extra pockets? Just name it and we will do it! All sizes and preferences! Just get in touch and we will do our best to make your dream cloth."	/polo-neck-woolen-pullover-red/	"Product Image File: 7I9A6227__80339.JPG|Product Image File: 7I9A6228__32342.JPG|Product Image File: 7I9A6229__03403.JPG"
"Linen/Cotton Poncho with lace"	Women;Women/Ponchos	"Handmade poncho, natural colours. 75% linen/ 25% cotton with lace. Hand and cold machine wash OK. Do not tumble dry. Do you have some special preferences like a hoodie, or maybe a thicker collar, fringes or extra pockets? Just name it and we will do it! All sizes and preferences! Just get in touch and we will do our best to make your dream cloth."	/linen-cotton-poncho-with-lace/	"Product Image File: 7I9A6241__36958.JPG|Product Image File: 7I9A6239__25653.JPG|Product Image File: 7I9A6240__25148.JPG"
"Poncho 100% Cotton"	Women;Women/Ponchos	"Handmade poncho, 100% cotton, natural colour. Hand and cold machine wash OK. Do not tumble dry. Do you have some special preferences like a hoodie, or maybe a thicker collar, fringes or extra pockets? Just name it and we will do it! All sizes and preferences! Just get in touch and we will do our best to make your dream cloth."	/poncho-100-cotton/	"Product Image File: 7I9A6242__73891.JPG|Product Image File: 7I9A6247__59063.JPG|Product Image File: 7I9A6245__47841.JPG"
"Woolen Poncho with Embroidery"	Women;Women/Ponchos	"Poncho wool with embroidery. 80% wool/ 20% acrylic. Hand and cold machine wash OK. Do not tumble dry. Do you have some special preferences like a hoodie, or maybe a thicker collar, fringes or extra pockets? Just name it and we will do it! All sizes and preferences! Just get in touch and we will do our best to make your dream cloth."	/woolen-poncho-with-embroidery/	"Product Image File: 7I9A6250__72386.JPG|Product Image File: 7I9A6249__50065.JPG|Product Image File: 7I9A6251__00610.JPG"
"Woolen Poncho with Embroidery orange"	Women;Women/Ponchos	"Poncho wool with embroidery. 80% wool/ 20% acrylic. Hand and cold machine wash OK. Do not tumble dry. Do you have some special preferences like a hoodie, or maybe a thicker collar, fringes or extra pockets? Just name it and we will do it! All sizes and preferences! Just get in touch and we will do our best to make your dream cloth."	/woolen-poncho-with-embroidery-orange/	"Product Image File: 7I9A6254__35425.JPG|Product Image File: 7I9A6256__01530.JPG|Product Image File: 7I9A6253__16676.JPG"
"Woolen Poncho with Embroidery green"	Women;Women/Ponchos	"Poncho wool with embroidery. 80% wool/ 20% acrylic. Hand and cold machine wash OK. Do not tumble dry. Do you have some special preferences like a hoodie, or maybe a thicker collar, fringes or extra pockets? Just name it and we will do it! All sizes and preferences! Just get in touch and we will do our best to make your dream cloth."	/woolen-poncho-with-embroidery-green/	"Product Image File: 7I9A6259__97896.JPG|Product Image File: 7I9A6261__52469.JPG|Product Image File: 7I9A6260__59589.JPG"
"Woolen Poncho with Embroidery petrol"	Women;Women/Ponchos	"Poncho wool with embroidery. 80% wool/ 20% acrylic. Hand and cold machine wash OK. Do not tumble dry. Do you have some special preferences like a hoodie, or maybe a thicker collar, fringes or extra pockets? Just name it and we will do it! All sizes and preferences! Just get in touch and we will do our best to make your dream cloth."	/woolen-poncho-with-embroidery-petrol/	"Product Image File: 7I9A6263__53296.JPG|Product Image File: 7I9A6265__21211.JPG|Product Image File: 7I9A6264__42003.JPG"
