Product Name,Product Images
Loose Hooded Coat,Product Image URL: http://imi.boutique/product_images/a/610/P05A7017__56688.JPG|Product Image URL: http://imi.boutique/product_images/c/966/P05A7016__89587.JPG
Classic Coat - Brown Karena,Product Image URL: http://imi.boutique/product_images/c/859/IMG_7682__92101.JPG|Product Image URL: http://imi.boutique/product_images/m/122/IMG_7685__34388.JPG|Product Image URL: http://imi.boutique/product_images/x/205/IMG_7687__58963.JPG|Product Image URL: http://imi.boutique/product_images/x/709/IMG_7689__27978.JPG
Classic Coat - White Rhombus,Product Image URL: http://imi.boutique/product_images/p/047/IMG_7691__66523.JPG|Product Image URL: http://imi.boutique/product_images/h/049/IMG_7693__24172.JPG|Product Image URL: http://imi.boutique/product_images/a/107/IMG_7695__22327.JPG
Classic Soft Coat,Product Image URL: http://imi.boutique/product_images/i/985/P05A7039__78385.JPG|Product Image URL: http://imi.boutique/product_images/d/265/P05A7040__12091.JPG
Loose Hooded Coat 2,Product Image URL: http://imi.boutique/product_images/j/553/P05A7018__24483.JPG|Product Image URL: http://imi.boutique/product_images/n/727/P05A7019__06795.JPG
Oversized Collar Coat - Dark Rhombus,Product Image URL: http://imi.boutique/product_images/j/743/P05A7027__35076.JPG|Product Image URL: http://imi.boutique/product_images/q/028/P05A7028__80522.JPG
Oversized Collar Coat,Product Image URL: http://imi.boutique/product_images/t/572/P05A7023__81234.JPG|Product Image URL: http://imi.boutique/product_images/x/134/P05A7024__40703.JPG
Oversized Collar Coat 2,Product Image URL: http://imi.boutique/product_images/p/784/P05A7022__98478.JPG|Product Image URL: http://imi.boutique/product_images/g/671/P05A7021__28952.JPG
Oversized Collar Coat - 2,Product Image URL: http://imi.boutique/product_images/c/596/P05A7025__03516.JPG|Product Image URL: http://imi.boutique/product_images/d/768/P05A7026__16605.JPG
Short Coat ,Product Image URL: http://imi.boutique/product_images/s/017/P05A7045__04232.JPG|Product Image URL: http://imi.boutique/product_images/q/557/P05A7046__92425.JPG
Short Coat 2,Product Image URL: http://imi.boutique/product_images/m/921/P05A7044__79969.JPG|Product Image URL: http://imi.boutique/product_images/h/635/P05A7043__59919.JPG
Short Coat 3,Product Image URL: http://imi.boutique/product_images/v/651/P05A7054__37620.JPG|Product Image URL: http://imi.boutique/product_images/d/105/P05A7055__99546.JPG
Long Cardigan 2,Product Image URL: http://imi.boutique/product_images/b/868/P05A7029__98943.JPG|Product Image URL: http://imi.boutique/product_images/w/394/P05A7031__02843.JPG
Long Collar Cardigan,Product Image URL: http://imi.boutique/product_images/w/700/P05A7032__59123.JPG|Product Image URL: http://imi.boutique/product_images/o/956/P05A7033__36953.JPG
Long Mohair Wool Hooded Cardigan ,Product Image URL: http://imi.boutique/product_images/a/857/IMG_7573__73218.JPG|Product Image URL: http://imi.boutique/product_images/f/106/IMG_7576__62129.JPG|Product Image URL: http://imi.boutique/product_images/f/657/IMG_7582__08257.JPG
Cardigan,Product Image URL: http://imi.boutique/product_images/p/163/P05A7034__44375.JPG|Product Image URL: http://imi.boutique/product_images/c/533/P05A7035__74335.JPG
Long Cardigan 3,Product Image URL: http://imi.boutique/product_images/q/821/P05A7037__66663.JPG|Product Image URL: http://imi.boutique/product_images/b/886/P05A7038__17605.JPG
Collar Cardigan,Product Image URL: http://imi.boutique/product_images/n/958/IMG_7611__53724.JPG|Product Image URL: http://imi.boutique/product_images/i/081/IMG_7613__01069.JPG|Product Image URL: http://imi.boutique/product_images/x/069/IMG_7615__84206.JPG
Cardigan CC,Product Image URL: http://imi.boutique/product_images/p/987/IMG_7602__22794.JPG|Product Image URL: http://imi.boutique/product_images/d/472/IMG_7606__16830.JPG|Product Image URL: http://imi.boutique/product_images/g/741/IMG_7609__85961.JPG
Cardigan CC 2,Product Image URL: http://imi.boutique/product_images/s/648/P05A7058__59092.JPG|Product Image URL: http://imi.boutique/product_images/x/214/P05A7060__54607.JPG
Linen Cardigan,Product Image URL: http://imi.boutique/product_images/w/661/P05A7071__89891.JPG|Product Image URL: http://imi.boutique/product_images/o/206/P05A7072__40013.JPG
Cardigan 4,Product Image URL: http://imi.boutique/product_images/k/273/IMG_7619__04642.JPG|Product Image URL: http://imi.boutique/product_images/p/513/IMG_7621__09167.JPG|Product Image URL: http://imi.boutique/product_images/h/420/IMG_7623__61968.JPG
Long Cardigan,Product Image URL: http://imi.boutique/product_images/h/647/P05A7056__12032.JPG|Product Image URL: http://imi.boutique/product_images/c/924/P05A7057__83074.JPG
Hooded Cardigan,Product Image URL: http://imi.boutique/product_images/i/046/IMG_7567__70187.JPG|Product Image URL: http://imi.boutique/product_images/q/840/IMG_7569__25528.JPG|Product Image URL: http://imi.boutique/product_images/t/717/IMG_7571__08444.JPG|Product Image URL: http://imi.boutique/product_images/t/986/IMG_7570__45079.JPG
Collared Mohair Pullover,Product Image URL: http://imi.boutique/product_images/x/159/P05A7090__13698.JPG|Product Image URL: http://imi.boutique/product_images/g/535/P05A7091__45759.JPG
Cotton Pullover,Product Image URL: http://imi.boutique/product_images/e/464/P05A7062__40502.JPG|Product Image URL: http://imi.boutique/product_images/o/082/P05A7063__81320.JPG
3/4-Sleeve Blouse,Product Image URL: http://imi.boutique/product_images/n/032/P05A7066__56130.JPG|Product Image URL: http://imi.boutique/product_images/t/028/P05A7067__35563.JPG
3/4 Sleeve Blouse,Product Image URL: http://imi.boutique/product_images/j/995/P05A7064__69233.JPG|Product Image URL: http://imi.boutique/product_images/t/611/P05A7065__28355.JPG
Round Neck Woolen Pullover,Product Image URL: http://imi.boutique/product_images/h/362/IMG_7627__48997.JPG|Product Image URL: http://imi.boutique/product_images/b/989/IMG_7628__66177.JPG|Product Image URL: http://imi.boutique/product_images/f/870/IMG_7631__13859.JPG
Loose Woolen Blouse,Product Image URL: http://imi.boutique/product_images/u/025/P05A7047__28458.JPG|Product Image URL: http://imi.boutique/product_images/e/421/P05A7048__37077.JPG
Long Sided Woolen Pullover,Product Image URL: http://imi.boutique/product_images/h/090/P05A7050__43304.JPG|Product Image URL: http://imi.boutique/product_images/n/391/P05A7051__08993.JPG
Hooded Woolen Pullover,Product Image URL: http://imi.boutique/product_images/y/923/P05A7052__71429.JPG|Product Image URL: http://imi.boutique/product_images/w/645/P05A7053__80307.JPG
Mohair Woolen Collared Dress,Product Image URL: http://imi.boutique/product_images/k/463/P05A7092__48118.JPG|Product Image URL: http://imi.boutique/product_images/a/886/P05A7093__83345.JPG
Woolen Collared Dress,Product Image URL: http://imi.boutique/product_images/t/341/P05A7094__50835.JPG|Product Image URL: http://imi.boutique/product_images/q/786/P05A7095__89545.JPG
Woolen Dress,Product Image URL: http://imi.boutique/product_images/g/850/P05A7096__42554.JPG|Product Image URL: http://imi.boutique/product_images/w/808/P05A7097__50658.JPG
Floral Woolen Dress,Product Image URL: http://imi.boutique/product_images/m/262/P05A7098__30828.JPG|Product Image URL: http://imi.boutique/product_images/h/829/P05A7099__58427.JPG
Ajour Wool Vest,Product Image URL: http://imi.boutique/product_images/x/912/IMG_7641__63991.JPG|Product Image URL: http://imi.boutique/product_images/o/307/IMG_7647__09703.JPG|Product Image URL: http://imi.boutique/product_images/p/548/IMG_7652__08488.JPG
Ajour Woolen Vest,Product Image URL: http://imi.boutique/product_images/c/809/IMG_7654__23237.JPG|Product Image URL: http://imi.boutique/product_images/x/033/IMG_7656__48832.JPG|Product Image URL: http://imi.boutique/product_images/a/188/IMG_7658__61306.JPG
Woolen Floral Vest,Product Image URL: http://imi.boutique/product_images/o/946/P05A7068__98790.JPG|Product Image URL: http://imi.boutique/product_images/g/876/P05A7070__77184.JPG
Woolen Edelweiss Vest,Product Image URL: http://imi.boutique/product_images/u/809/IMG_7674__80108.JPG|Product Image URL: http://imi.boutique/product_images/n/020/IMG_7676__40295.JPG|Product Image URL: http://imi.boutique/product_images/r/760/IMG_7680__34674.JPG
Woolen Grey Edelweiss Vest,Product Image URL: http://imi.boutique/product_images/f/349/P05A7078__36572.JPG|Product Image URL: http://imi.boutique/product_images/j/498/P05A7079__70479.JPG
"Woolen hand made, knitted vest",Product Image URL: http://imi.boutique/product_images/s/545/P05A7080__30381.JPG|Product Image URL: http://imi.boutique/product_images/f/768/P05A7081__24764.JPG
Woolen Vest with Pocket,Product Image URL: http://imi.boutique/product_images/c/179/IMG_7669__41143.JPG|Product Image URL: http://imi.boutique/product_images/p/856/IMG_7670__54987.JPG|Product Image URL: http://imi.boutique/product_images/j/012/IMG_7673__10551.JPG
Fringed Collared Poncho,Product Image URL: http://imi.boutique/product_images/i/827/P05A7084__33767.JPG|Product Image URL: http://imi.boutique/product_images/a/008/P05A7085__59018.JPG
Floral Poncho with Pockets,Product Image URL: http://imi.boutique/product_images/y/570/P05A7086__01952.JPG|Product Image URL: http://imi.boutique/product_images/w/235/P05A7087__87696.JPG
Woolen Hooded Cape - Rhombus,Product Image URL: http://imi.boutique/product_images/k/619/IMG_7763__17225.JPG|Product Image URL: http://imi.boutique/product_images/d/433/IMG_7764__48083.JPG|Product Image URL: http://imi.boutique/product_images/h/673/IMG_7767__83953.JPG
Woolen Hooded Poncho,Product Image URL: http://imi.boutique/product_images/n/406/IMG_7730__01545.JPG|Product Image URL: http://imi.boutique/product_images/h/826/IMG_7732__41503.JPG|Product Image URL: http://imi.boutique/product_images/t/565/IMG_7734__76258.JPG
Woolen Poncho-Cardigan,Product Image URL: http://imi.boutique/product_images/w/848/IMG_7713__85129.JPG|Product Image URL: http://imi.boutique/product_images/a/475/IMG_7715__46379.JPG|Product Image URL: http://imi.boutique/product_images/j/542/IMG_7718__97340.JPG|Product Image URL: http://imi.boutique/product_images/t/639/IMG_7717__00419.JPG
Woolen Poncho-Cardigan 2,Product Image URL: http://imi.boutique/product_images/g/885/IMG_7756__85311.JPG|Product Image URL: http://imi.boutique/product_images/c/845/IMG_7758__41152.JPG|Product Image URL: http://imi.boutique/product_images/d/804/IMG_7759__80557.JPG|Product Image URL: http://imi.boutique/product_images/w/648/IMG_7760__98108.JPG
Belted Poncho,Product Image URL: http://imi.boutique/product_images/o/955/P05A7088__08508.JPG|Product Image URL: http://imi.boutique/product_images/h/448/P05A7089__34219.JPG
Triangular Woolen Poncho,Product Image URL: http://imi.boutique/product_images/h/568/IMG_7819__87773.JPG|Product Image URL: http://imi.boutique/product_images/j/077/IMG_7823__55575.JPG|Product Image URL: http://imi.boutique/product_images/r/019/IMG_7825__11979.JPG
Short Cotton Poncho,Product Image URL: http://imi.boutique/product_images/n/636/P05A7073__86605.JPG|Product Image URL: http://imi.boutique/product_images/n/961/P05A7074__80509.JPG
Short Woolen Poncho,Product Image URL: http://imi.boutique/product_images/e/115/P05A7076__66543.JPG|Product Image URL: http://imi.boutique/product_images/a/045/P05A7077__26392.JPG
Woolen Butterfly Poncho,Product Image URL: http://imi.boutique/product_images/e/316/IMG_7722__86706.JPG|Product Image URL: http://imi.boutique/product_images/j/729/IMG_7726__87914.JPG|Product Image URL: http://imi.boutique/product_images/n/745/IMG_7727__54270.JPG|Product Image URL: http://imi.boutique/product_images/m/548/IMG_7728__86492.JPG
Woolen Edelweiss Coat,Product Image URL: http://imi.boutique/product_images/m/632/P05A7101__48050.JPG|Product Image URL: http://imi.boutique/product_images/u/076/P05A7103__64430.JPG
Woolen Men Hooded Coat,Product Image URL: http://imi.boutique/product_images/v/540/IMG_7510__09856.JPG|Product Image URL: http://imi.boutique/product_images/l/364/IMG_7512__70008.JPG|Product Image URL: http://imi.boutique/product_images/w/772/IMG_7514__22001.JPG
Woolen Men Pullover,Product Image URL: http://imi.boutique/product_images/n/651/IMG_7490__05865.JPG|Product Image URL: http://imi.boutique/product_images/e/659/IMG_7492__46683.JPG|Product Image URL: http://imi.boutique/product_images/i/637/IMG_7493__59953.JPG
Woolen Turtleneck Men Pullover,Product Image URL: http://imi.boutique/product_images/c/849/IMG_7478__98127.JPG|Product Image URL: http://imi.boutique/product_images/h/091/IMG_7480__15531.JPG|Product Image URL: http://imi.boutique/product_images/b/347/IMG_7481__34414.JPG
American Eagle Pullover,Product Image URL: http://imi.boutique/product_images/b/664/P05A7105__86575.JPG|Product Image URL: http://imi.boutique/product_images/u/747/P05A7104__56296.JPG
Classic Men Zipped Woolen Pullover,Product Image URL: http://imi.boutique/product_images/j/451/IMG_7483__91621.JPG|Product Image URL: http://imi.boutique/product_images/w/588/IMG_7485__82855.JPG|Product Image URL: http://imi.boutique/product_images/l/639/IMG_7486__18724.JPG|Product Image URL: http://imi.boutique/product_images/a/883/IMG_7487__74392.JPG
Woolen Edelweiss Man Vest,Product Image URL: http://imi.boutique/product_images/p/914/IMG_7497__70167.JPG|Product Image URL: http://imi.boutique/product_images/k/620/IMG_7498__78851.JPG|Product Image URL: http://imi.boutique/product_images/m/116/IMG_7501__83935.JPG|Product Image URL: http://imi.boutique/product_images/f/651/IMG_7500__94352.JPG
Woolen Carr√© Vest,Product Image URL: http://imi.boutique/product_images/a/413/P05A7106__49530.JPG|Product Image URL: http://imi.boutique/product_images/t/215/P05A7107__73652.JPG
Woolen Coat with Bears,Product Image URL: http://imi.boutique/product_images/y/123/IMG_7862__68705.JPG|Product Image URL: http://imi.boutique/product_images/e/478/IMG_7863__65114.JPG|Product Image URL: http://imi.boutique/product_images/a/847/IMG_7865__31809.JPG
Woolen Edelweiss Coat with Bears,Product Image URL: http://imi.boutique/product_images/u/918/IMG_7855__60935.JPG|Product Image URL: http://imi.boutique/product_images/y/327/IMG_7856__14659.JPG|Product Image URL: http://imi.boutique/product_images/u/791/IMG_7857__01467.JPG
Woolen Soft Coat,Product Image URL: http://imi.boutique/product_images/i/003/P05A7117__88822.JPG|Product Image URL: http://imi.boutique/product_images/d/363/P05A7119__20164.JPG
"Woolen Tratidional Bulgarian Coat, Kids",Product Image URL: http://imi.boutique/product_images/n/991/P05A7120__77140.JPG|Product Image URL: http://imi.boutique/product_images/b/439/P05A7121__52364.JPG
Woolen Kid Cardigan,Product Image URL: http://imi.boutique/product_images/s/267/P05A7112__02823.JPG|Product Image URL: http://imi.boutique/product_images/a/327/P05A7114__88167.JPG
Woolen Kid Floral Vest,Product Image URL: http://imi.boutique/product_images/z/283/P05A7115__57429.JPG|Product Image URL: http://imi.boutique/product_images/n/151/P05A7116__49602.JPG
Bunny Pockets Woolen Kid Vest,Product Image URL: http://imi.boutique/product_images/w/393/IMG_7850__85903.JPG|Product Image URL: http://imi.boutique/product_images/a/458/IMG_7851__29379.JPG|Product Image URL: http://imi.boutique/product_images/w/762/IMG_7854__48121.JPG
Floral Pockets Woolen Kid Vest,Product Image URL: http://imi.boutique/product_images/f/232/IMG_7838__45843.JPG|Product Image URL: http://imi.boutique/product_images/f/812/IMG_7839__10310.JPG|Product Image URL: http://imi.boutique/product_images/w/308/IMG_7842__65412.JPG
Baby Bunny Pockets Woolen Kid Vest,Product Image URL: http://imi.boutique/product_images/f/029/IMG_7831__46497.JPG|Product Image URL: http://imi.boutique/product_images/z/713/IMG_7833__14467.JPG|Product Image URL: http://imi.boutique/product_images/h/782/IMG_7836__48065.JPG
Woolen Collared Cardigan,Product Image URL: http://imi.boutique/product_images/q/586/IMG_7869__00025.JPG|Product Image URL: http://imi.boutique/product_images/d/633/IMG_7870__17891.JPG|Product Image URL: http://imi.boutique/product_images/a/801/IMG_7872__19771.JPG
Hooded Floral Kid Poncho,Product Image URL: http://imi.boutique/product_images/w/848/IMG_7880__33282.JPG|Product Image URL: http://imi.boutique/product_images/v/019/IMG_7883__02657.JPG|Product Image URL: http://imi.boutique/product_images/i/419/IMG_7879__40559.JPG|Product Image URL: http://imi.boutique/product_images/s/750/IMG_7882__58144.JPG
Shawl Ajour,Product Image URL: http://imi.boutique/product_images/f/782/IMG_7811__59951.JPG
Hooded Shawl Ajour,Product Image URL: http://imi.boutique/product_images/k/706/P05A7129__21357.JPG
Round Shawl,Product Image URL: http://imi.boutique/product_images/j/427/P05A7128__84351.JPG
Mohair Wool Shawl,Product Image URL: http://imi.boutique/product_images/v/299/IMG_7803__72048.JPG
Classic Man Winter Shawl,Product Image URL: http://imi.boutique/product_images/k/170/IMG_7531__17919.JPG|Product Image URL: http://imi.boutique/product_images/m/827/IMG_7532__84488.JPG
Classic Man Winter Hat,Product Image URL: http://imi.boutique/product_images/u/694/IMG_7532__72813.JPG
Classic Man Winter Gloves,Product Image URL: http://imi.boutique/product_images/a/316/IMG_7535__83927.JPG
Woolen Socks,Product Image URL: http://imi.boutique/product_images/i/783/IMG_7817__12053.JPG
Floral Woolen Hat,Product Image URL: http://imi.boutique/product_images/l/954/P05A7122__06525.JPG
Floral Woolen Shawl,Product Image URL: http://imi.boutique/product_images/r/290/P05A7122__78164.JPG
Triple Floral Woolen Hat,Product Image URL: http://imi.boutique/product_images/w/361/IMG_7796__79970.JPG|Product Image URL: http://imi.boutique/product_images/v/256/IMG_7914__32484.JPG
Classic Black Woolen Shawl,Product Image URL: http://imi.boutique/product_images/c/895/IMG_7796__66435.JPG
Dark Woolen Socks,Product Image URL: http://imi.boutique/product_images/f/313/IMG_7542__21978.JPG
Bunny Woolen Gloves,Product Image URL: http://imi.boutique/product_images/a/363/IMG_7904__89585.JPG|Product Image URL: http://imi.boutique/product_images/d/570/IMG_7892__57147.JPG
Woolen Winter Pom-Pom Hat,Product Image URL: http://imi.boutique/product_images/c/479/IMG_7903__89009.JPG|Product Image URL: http://imi.boutique/product_images/u/162/IMG_7892__20638.JPG
Woolen Pom-Pom Shawl,Product Image URL: http://imi.boutique/product_images/t/672/IMG_7892__16520.JPG
Woolen Bear Kid Hat,Product Image URL: http://imi.boutique/product_images/w/715/P05A7124__29362.JPG
Woolen Mouse Kid Hat,Product Image URL: http://imi.boutique/product_images/e/162/P05A7125__20816.JPG
Vikings Woolen Hat,Product Image URL: http://imi.boutique/product_images/y/017/P05A7126__03863.JPG
French Beret Soft Wool Hat,Product Image URL: http://imi.boutique/product_images/g/898/P05A7123__04056.JPG
Long Woolen Hat,Product Image URL: http://imi.boutique/product_images/t/144/P05A7127__98871.JPG
Brown Bourjois Woolen Hat,Product Image URL: http://imi.boutique/product_images/w/851/IMG_7814__76392.JPG
Classic Brown Woolen Shawl,Product Image URL: http://imi.boutique/product_images/w/768/IMG_7814__90394.JPG
Woolen women cardigan,Product Image URL: http://imi.boutique/product_images/z/754/7I9A6163__89901.JPG|Product Image URL: http://imi.boutique/product_images/x/063/7I9A6162__47006.JPG|Product Image URL: http://imi.boutique/product_images/o/803/7I9A6165__74038.JPG|Product Image URL: http://imi.boutique/product_images/w/904/7I9A6169__77465.JPG|Product Image URL: http://imi.boutique/product_images/r/212/7I9A6168__62656.JPG|Product Image URL: http://imi.boutique/product_images/o/757/7I9A6171__56489.JPG
Woolen women pullover,Product Image URL: http://imi.boutique/product_images/u/197/7I9A6173__00300.JPG|Product Image URL: http://imi.boutique/product_images/p/145/7I9A6174__32338.JPG|Product Image URL: http://imi.boutique/product_images/n/029/7I9A6176__41392.JPG
Woolen Poncho- Pullover Women,Product Image URL: http://imi.boutique/product_images/k/807/7I9A6177__62604.JPG|Product Image URL: http://imi.boutique/product_images/c/707/7I9A6180__26194.JPG|Product Image URL: http://imi.boutique/product_images/m/508/7I9A6181__07887.JPG|Product Image URL: http://imi.boutique/product_images/n/051/7I9A6179__37147.JPG|Product Image URL: http://imi.boutique/product_images/c/928/7I9A6182__43220.JPG|Product Image URL: http://imi.boutique/product_images/a/725/7I9A6178__54145.JPG
Women Pullover 100% Linen,Product Image URL: http://imi.boutique/product_images/b/824/7I9A6184__21389.JPG|Product Image URL: http://imi.boutique/product_images/u/341/7I9A6185__85570.JPG|Product Image URL: http://imi.boutique/product_images/x/540/7I9A6187__56504.JPG
Woolen Pullover Mohair,Product Image URL: http://imi.boutique/product_images/v/600/7I9A6188__70688.JPG|Product Image URL: http://imi.boutique/product_images/u/809/7I9A6190__06544.JPG|Product Image URL: http://imi.boutique/product_images/z/247/7I9A6189__86237.JPG|Product Image URL: http://imi.boutique/product_images/u/498/moher_1__90559.png
Mohair Long Hooded Cardigan orange,Product Image URL: http://imi.boutique/product_images/j/442/7I9A6195__97133.JPG|Product Image URL: http://imi.boutique/product_images/s/837/7I9A6193__62176.JPG|Product Image URL: http://imi.boutique/product_images/m/328/7I9A6191__25854.JPG|Product Image URL: http://imi.boutique/product_images/o/378/moher_1__64913.png
Mohair Long Hooded Cardigan red,Product Image URL: http://imi.boutique/product_images/m/543/moher_1__93129.png|Product Image URL: http://imi.boutique/product_images/a/529/7I9A6196__37320.JPG|Product Image URL: http://imi.boutique/product_images/a/785/7I9A6198__29377.JPG|Product Image URL: http://imi.boutique/product_images/a/353/7I9A6200__29566.JPG
Mohair Long Hooded Cardigan green,Product Image URL: http://imi.boutique/product_images/o/385/7I9A6201__89022.JPG|Product Image URL: http://imi.boutique/product_images/x/264/7I9A6203__66974.JPG|Product Image URL: http://imi.boutique/product_images/d/289/7I9A6202__19986.JPG|Product Image URL: http://imi.boutique/product_images/g/656/moher_1__68313.png
Long Woolen Cardigan,Product Image URL: http://imi.boutique/product_images/r/502/7I9A6204__30059.JPG|Product Image URL: http://imi.boutique/product_images/m/229/7I9A6206__53012.JPG|Product Image URL: http://imi.boutique/product_images/s/296/7I9A6205__79352.JPG
Long Linen/Cotton Cardigan,Product Image URL: http://imi.boutique/product_images/j/334/7I9A6207__83555.JPG|Product Image URL: http://imi.boutique/product_images/w/249/7I9A6209__74484.JPG|Product Image URL: http://imi.boutique/product_images/a/085/7I9A6211__34613.JPG
"Cardigan with Lace, Linen/Cotton",Product Image URL: http://imi.boutique/product_images/p/621/7I9A6214__43341.JPG|Product Image URL: http://imi.boutique/product_images/i/746/7I9A6217__73312.JPG|Product Image URL: http://imi.boutique/product_images/k/521/7I9A6212__60904.JPG
Polo- Neck Woolen Pullover,Product Image URL: http://imi.boutique/product_images/v/829/7I9A6226__73724.JPG|Product Image URL: http://imi.boutique/product_images/q/099/7I9A6223__19995.JPG|Product Image URL: http://imi.boutique/product_images/e/703/7I9A6222__49814.JPG
Polo- Neck Woolen Pullover red,Product Image URL: http://imi.boutique/product_images/x/927/7I9A6227__80339.JPG|Product Image URL: http://imi.boutique/product_images/q/617/7I9A6228__32342.JPG|Product Image URL: http://imi.boutique/product_images/i/702/7I9A6229__03403.JPG
Linen/Cotton Poncho with lace,Product Image URL: http://imi.boutique/product_images/q/141/7I9A6241__36958.JPG|Product Image URL: http://imi.boutique/product_images/q/450/7I9A6239__25653.JPG|Product Image URL: http://imi.boutique/product_images/j/187/7I9A6240__25148.JPG
Poncho 100% Cotton,Product Image URL: http://imi.boutique/product_images/p/319/7I9A6242__73891.JPG|Product Image URL: http://imi.boutique/product_images/i/248/7I9A6247__59063.JPG|Product Image URL: http://imi.boutique/product_images/j/203/7I9A6245__47841.JPG
Woolen Poncho with Embroidery,Product Image URL: http://imi.boutique/product_images/a/920/7I9A6250__72386.JPG|Product Image URL: http://imi.boutique/product_images/w/812/7I9A6249__50065.JPG|Product Image URL: http://imi.boutique/product_images/k/700/7I9A6251__00610.JPG
Woolen Poncho with Embroidery orange,Product Image URL: http://imi.boutique/product_images/d/303/7I9A6254__35425.JPG|Product Image URL: http://imi.boutique/product_images/h/623/7I9A6256__01530.JPG|Product Image URL: http://imi.boutique/product_images/z/015/7I9A6253__16676.JPG
Woolen Poncho with Embroidery green,Product Image URL: http://imi.boutique/product_images/r/810/7I9A6259__97896.JPG|Product Image URL: http://imi.boutique/product_images/n/444/7I9A6261__52469.JPG|Product Image URL: http://imi.boutique/product_images/b/841/7I9A6260__59589.JPG
Woolen Poncho with Embroidery petrol,Product Image URL: http://imi.boutique/product_images/b/583/7I9A6263__53296.JPG|Product Image URL: http://imi.boutique/product_images/w/084/7I9A6265__21211.JPG|Product Image URL: http://imi.boutique/product_images/s/827/7I9A6264__42003.JPG